frame,w,x,y,z,euler_x,euler_y,euler_z
4279,0.9811421,-0.1277883,0.0310703,0.008047246,345.1443,3.565709,0.4748359
4280,0.9810913,-0.1280161,0.03167333,0.008259264,345.1167,3.634185,0.4898184
4281,0.9813612,-0.1260634,0.03115054,0.008240029,345.3448,3.571516,0.5027336
4282,0.9819327,-0.121944,0.02963123,0.00772483,345.8279,3.397368,0.4790212
4283,0.9818727,-0.1224075,0.02974897,0.007568869,345.7743,3.413802,0.45721
4284,0.9812915,-0.1267652,0.03063538,0.007670423,345.2653,3.519366,0.4405169
4285,0.9813705,-0.1259386,0.03134113,0.008302322,345.3591,3.593143,0.5076675
4286,0.9818175,-0.1227065,0.03012335,0.008358669,345.7365,3.446617,0.5441803
4287,0.9828703,-0.1138506,0.02991123,0.01046423,346.7614,3.390332,0.8264197
4288,0.9835465,-0.1074031,0.03140864,0.01069077,347.51,3.564531,0.8553283
4289,0.9838443,-0.1046612,0.03151073,0.01016906,347.8309,3.583382,0.8022832
4290,0.9840387,-0.1029454,0.03170312,0.008054361,348.0381,3.632177,0.5572506
4291,0.984064,-0.1026171,0.03226563,0.006807962,348.0807,3.713625,0.4049481
4292,0.9844448,-0.09936338,0.0307313,0.007128042,348.4586,3.528226,0.4730339
4293,0.98518,-0.09150866,0.03148945,0.007410362,349.3703,3.612551,0.5257415
4294,0.9854217,-0.08878904,0.03177046,0.007144815,349.6871,3.647948,0.5015291
4295,0.9860248,-0.08225883,0.03049644,0.00763838,350.4444,3.493253,0.5956187
4296,0.9862884,-0.0785355,0.03128726,0.009386271,350.8698,3.569573,0.8054036
4297,0.9865891,-0.07359525,0.03349292,0.01018137,351.4382,3.821586,0.8963454
4298,0.9871807,-0.06488063,0.03421173,0.009705141,352.4501,3.912405,0.8682892
4299,0.9882353,-0.0492816,0.02985574,0.008420691,354.2663,3.420576,0.8050591
4300,0.9886448,-0.03971056,0.03108365,0.00618034,355.3819,3.578584,0.571996
4301,0.9887603,-0.03488562,0.03321237,0.005743852,355.941,3.828895,0.5299382
4302,0.9888067,-0.03409318,0.03286148,0.004325971,356.0383,3.794076,0.3700585
4303,0.9892064,-0.02073314,0.03213971,0.002792975,357.5906,3.716656,0.2453585
4304,0.9892722,-0.01225013,0.03388591,0.006470421,358.5572,3.914797,0.7001719
4305,0.9892992,-0.001788968,0.03501974,0.007562548,359.7621,4.052879,0.8675427
4306,0.9893461,0.007789189,0.0334275,0.004014528,0.8854315,3.874111,0.494929
4307,0.9893456,0.01035287,0.03298282,0.0002569318,1.196761,3.819568,0.069666
4308,0.9893699,0.01026179,0.03217743,-0.002533561,1.196778,3.722907,359.7455
4309,0.9894347,0.008865126,0.0306315,-0.001357028,1.030565,3.545334,359.8747
4310,0.989406,0.01341686,0.02984055,-0.002263278,1.560306,3.452113,359.7849
4311,0.9893565,0.01731602,0.029432,-0.002765334,2.013146,3.40336,359.7395
4312,0.9891677,0.02566581,0.02974722,-0.001807702,2.976225,3.441954,359.88
4313,0.9885486,0.04109146,0.03288831,-0.001155129,4.759725,3.811996,0.02458489
4314,0.9881232,0.05240897,0.02936149,-0.001869765,6.073194,3.402092,359.9637
4315,0.9878948,0.05632856,0.02961725,-0.003689921,6.533708,3.421164,359.7673
4316,0.987839,0.05802726,0.02754682,-0.006910518,6.740421,3.158414,359.3844
4317,0.987826,0.05861856,0.02629362,-0.008486656,6.812971,3.001476,359.1942
4318,0.9876692,0.06160628,0.02507642,-0.009243307,7.160532,2.852868,359.1061
4319,0.9873826,0.06552985,0.02663329,-0.008484694,7.614556,3.038129,359.2176
4320,0.9865469,0.07794281,0.02467647,-0.006398991,9.047272,2.824557,359.4803
4321,0.9860295,0.08479399,0.02182802,-0.00890395,9.847597,2.46549,359.1777
4322,0.9852948,0.09255135,0.02408658,-0.006944042,10.74534,2.749123,359.451
4323,0.985257,0.09286536,0.02414141,-0.007849771,10.7844,2.745526,359.3463
4324,0.9851121,0.09464229,0.02276834,-0.008852067,10.99267,2.572762,359.2179
4325,0.9850075,0.09578267,0.02252058,-0.00885382,11.12506,2.543307,359.2177
4326,0.9850271,0.09530978,0.02378755,-0.008468089,11.07002,2.696615,359.2763
4327,0.9850525,0.09491993,0.02447327,-0.007915818,11.02364,2.783466,359.3478
4328,0.9849454,0.09605072,0.02467229,-0.006918216,11.15239,2.818136,359.4703
4329,0.9849308,0.09615248,0.02481307,-0.007087821,11.16479,2.832729,359.4523
4330,0.9851267,0.09434201,0.02385427,-0.007470778,10.95482,2.715873,359.3915
4331,0.9849637,0.09592077,0.024304,-0.007416204,11.13849,2.76918,359.4073
4332,0.9850637,0.09527455,0.0228444,-0.007095373,11.06161,2.601464,359.4266
4333,0.9850409,0.09564769,0.02228055,-0.007025799,11.10449,2.536012,359.4293
4334,0.9843416,0.1028896,0.02100812,-0.006616786,11.94512,2.390862,359.4799
4335,0.984585,0.1002634,0.0222581,-0.006638482,11.64028,2.537699,359.4861
4336,0.9845331,0.1002025,0.02484311,-0.006051624,11.63281,2.848737,359.5859
4337,0.9846672,0.09867729,0.02550864,-0.006532234,11.45712,2.92107,359.5329
4338,0.984314,0.1022402,0.02461267,-0.008188313,11.87586,2.795858,359.3376
4339,0.9840635,0.1045963,0.02432511,-0.009313338,12.15297,2.747713,359.2081
4340,0.9837396,0.1077777,0.02360122,-0.009121704,12.52216,2.664177,359.2298
4341,0.9831008,0.1135278,0.02294645,-0.009888264,13.1933,2.575344,359.1453
4342,0.9826906,0.117223,0.02171516,-0.01029131,13.6238,2.423023,359.0894
4343,0.9821883,0.1211496,0.02286576,-0.01029845,14.08262,2.557885,359.1145
4344,0.9821121,0.1217715,0.0226861,-0.01061725,14.1558,2.531739,359.0757
4345,0.982049,0.122236,0.02331115,-0.009714862,14.20816,2.61899,359.1929
4346,0.9819985,0.12217,0.02587534,-0.009155833,14.20085,2.931159,359.2968
4347,0.9817271,0.1242046,0.02588427,-0.0107253,14.44281,2.908714,359.1168
4348,0.9816983,0.1244083,0.0256815,-0.01144871,14.46851,2.873746,359.0285
4349,0.9817244,0.1244064,0.02502047,-0.01066922,14.46541,2.807052,359.111
4350,0.9816488,0.1251591,0.02454162,-0.009921392,14.55068,2.7614,359.1945
4351,0.9815273,0.1262293,0.02398202,-0.009754625,14.67462,2.697395,359.2086
4352,0.9815843,0.1258824,0.02335526,-0.01001782,14.63433,2.619035,359.1669
4353,0.9819061,0.1232411,0.02399204,-0.009803754,14.32618,2.698229,359.1951
4354,0.9821885,0.1206061,0.02582252,-0.009634107,14.01988,2.917931,359.2349
4355,0.9824505,0.1184536,0.02573231,-0.009880525,13.76961,2.903889,359.1983
4356,0.9830374,0.1137646,0.02505235,-0.008210614,13.21786,2.847029,359.3729
4357,0.9832796,0.1117122,0.02492998,-0.007738661,12.97735,2.838879,359.4211
4358,0.983848,0.1070287,0.02307584,-0.007425591,12.43005,2.624157,359.421
4359,0.9838616,0.1067673,0.02309949,-0.009127337,12.40416,2.60518,359.2201
4360,0.9848092,0.09715797,0.02571738,-0.007040882,11.28206,2.939536,359.4712
4361,0.9857639,0.08678161,0.02642187,-0.006345773,10.07436,3.029234,359.5294
4362,0.9868232,0.07565003,0.01981596,-0.008012971,8.782127,2.242528,359.2418
4363,0.9886322,0.04553767,0.02240643,-0.005527413,5.286175,2.572574,359.4781
4364,0.9891127,0.03186832,0.0249828,-0.004028025,3.700137,2.881648,359.6264
4365,0.9892482,0.02621781,0.02631752,-0.002797794,3.042732,3.041363,359.7567
4366,0.9893448,0.0217947,0.02676521,-0.002321127,2.52939,3.094917,359.7995
4367,0.9894859,0.01577277,0.02582661,-0.001431274,1.829553,2.988395,359.882
4368,0.9895383,0.01250652,0.02561186,-0.001146075,1.450678,2.964065,359.9048
4369,0.9895906,0.008751807,0.02516671,-0.0004664451,1.014124,2.913351,359.9718
4370,0.9896352,0.006042591,0.02419636,-0.0004497975,0.7005278,2.800966,359.9651
4371,0.9894435,-0.0112599,0.02954907,0.001176763,358.6931,3.420074,0.09726689
4372,0.9891383,-0.02766554,0.02881324,0.003127137,356.788,3.329528,0.2688994
4373,0.9888557,-0.03811776,0.02633956,0.004162541,355.5753,3.037485,0.3649944
4374,0.9884908,-0.04654994,0.02652889,0.003881493,354.5995,3.060231,0.3055988
4375,0.9875639,-0.06362282,0.02536331,0.005142641,352.6174,2.916017,0.4085533
4376,0.9864615,-0.07852124,0.02646719,0.005226588,350.8883,3.044762,0.364465
4377,0.9843026,-0.1009118,0.030356,0.00661374,348.2806,3.490654,0.4116001
4378,0.9818093,-0.1219406,0.03040782,0.01601052,345.799,3.367411,1.448914
4379,0.9784281,-0.1457562,0.03322402,0.01815139,343.0058,3.653633,1.579578
4380,0.9768926,-0.1557138,0.03376821,0.01713169,341.8431,3.733784,1.412556
4381,0.9645434,-0.2195116,0.03066592,0.02302199,334.3076,3.183977,2.008324
4382,0.9615947,-0.2324508,0.02796021,0.02281094,332.7759,2.839387,2.030145
4383,0.9597193,-0.2400563,0.02726523,0.02383756,331.8681,2.711851,2.166069
4384,0.9557196,-0.2548351,0.03121083,0.02616751,330.0853,3.125969,2.301423
4385,0.9478592,-0.2820807,0.03179725,0.03134051,326.7911,2.977949,2.899338
4386,0.9362091,-0.3180269,0.02935886,0.03884886,322.4134,2.233281,3.992292
4387,0.9266697,-0.3447132,0.0266544,0.04177851,319.1424,1.592315,4.569696
4388,0.9216595,-0.3580157,0.03118926,0.03735454,317.485,2.439337,3.69272
4389,0.9173499,-0.3690758,0.03144256,0.03554537,316.1126,2.552121,3.40961
4390,0.9120033,-0.3820623,0.02953522,0.03749677,314.4905,2.104528,3.82596
4391,0.9068334,-0.3938015,0.02835537,0.04206242,313.0099,1.568581,4.62948
4392,0.9040092,-0.3999996,0.02681512,0.04525982,312.2308,1.067766,5.25948
4393,0.9003713,-0.4081003,0.02261676,0.04768851,311.2289,0.1599921,5.991193
4394,0.8952623,-0.4192577,0.02084827,0.04789145,309.821,359.7418,6.245062
4395,0.8845185,-0.4412016,0.02163935,0.0499966,306.9997,359.433,6.752997
4396,0.8649864,-0.4781943,0.02274793,0.05109859,302.165,358.9548,7.338992
4397,0.8568563,-0.4922642,0.02535209,0.05320238,300.2804,358.9642,7.700564
4398,0.8526931,-0.4994112,0.0228565,0.054593,299.3529,358.1451,8.411654
4399,0.8537971,-0.4975474,0.02067846,0.05521926,299.6251,357.6767,8.752517
4400,0.8486583,-0.5061222,0.02179568,0.0560739,298.469,357.575,9.004273
4401,0.843156,-0.5155331,0.02484778,0.05192039,297.1613,358.51,7.957685
4402,0.8387954,-0.5226995,0.02606827,0.05027694,296.1756,358.8299,7.589007
4403,0.8359469,-0.5274493,0.02449063,0.04888678,295.5406,358.5591,7.602233
4404,0.8327309,-0.5323466,0.02300353,0.0513511,294.8913,357.7267,8.508866
4405,0.830513,-0.5357594,0.02078769,0.05270274,294.4521,356.8992,9.258657
4406,0.8269889,-0.541192,0.02054207,0.05271136,293.7094,356.6425,9.486912
4407,0.8210307,-0.5503184,0.02304037,0.0502718,292.4126,357.3159,8.804274
4408,0.8167849,-0.5565352,0.02565066,0.04972802,291.5189,357.8559,8.427445
4409,0.8134145,-0.5613869,0.02551631,0.0504988,290.8446,357.5038,8.825768
4410,0.815841,-0.5580598,0.02274401,0.04954978,291.3365,357.0754,8.948741
4411,0.8205966,-0.5511398,0.02276483,0.04845486,292.2958,357.526,8.418215
4412,0.8223554,-0.5484821,0.02649376,0.04686988,292.6255,358.8084,7.318351
4413,0.8239038,-0.5461854,0.02716755,0.04610607,292.9372,359.1602,6.962459
4414,0.8228528,-0.5479133,0.02676935,0.04458069,292.6995,359.273,6.686225
4415,0.8240771,-0.5463068,0.02858172,0.04035531,292.9085,0.4527406,5.306921
4416,0.8240157,-0.5465221,0.02828528,0.0388781,292.8815,0.619439,4.991647
4417,0.8241525,-0.5463098,0.02788986,0.03924635,292.9131,0.4639705,5.145156
4418,0.8241687,-0.546231,0.02737283,0.04034953,292.9269,0.1559839,5.502294
4419,0.8227604,-0.5482599,0.02626053,0.04226935,292.6536,359.5238,6.199222
4420,0.8226003,-0.5484548,0.02668957,0.0425855,292.6235,359.574,6.211012
4421,0.8239551,-0.5464847,0.0283179,0.04062632,292.8854,0.3400732,5.419954
4422,0.824548,-0.5456405,0.02749725,0.04050664,293.008,0.1707432,5.511893
4423,0.8262866,-0.5432838,0.02649673,0.03729476,293.342,0.4817061,4.851854
4424,0.8272563,-0.5419297,0.02804286,0.03424279,293.5247,1.35985,3.849445
4425,0.8277868,-0.5410837,0.02860446,0.03434036,293.639,1.486649,3.778911
4426,0.8310372,-0.5361733,0.02575843,0.03509526,294.3294,0.7348599,4.362175
4427,0.8334915,-0.5324071,0.02655664,0.03360453,294.845,1.181014,3.862925
4428,0.8338309,-0.5317276,0.02893733,0.03397647,294.9271,1.68224,3.593474
4429,0.8350297,-0.5299895,0.02880903,0.03172281,295.1709,1.99184,3.086401
4430,0.8375694,-0.5261056,0.02894212,0.02920068,295.7088,2.393869,2.488997
4431,0.8404548,-0.5213496,0.03180939,0.02860312,296.3521,3.115767,1.964425
4432,0.8416697,-0.5194057,0.03064064,0.02950956,296.6165,2.731529,2.329339
4433,0.8450024,-0.5139198,0.03073815,0.03020707,297.3587,2.659798,2.475986
4434,0.8490106,-0.5073144,0.02970879,0.03050109,298.2537,2.408947,2.674655
4435,0.8561301,-0.4953611,0.02987714,0.02767779,299.8669,2.787827,2.08925
4436,0.8602486,-0.4883798,0.03028474,0.02324338,300.8133,3.357691,1.188151
4437,0.8612116,-0.4865388,0.03281016,0.02275524,301.0573,3.89812,0.8236157
4438,0.862609,-0.4838486,0.03502179,0.02386472,301.4071,4.191463,0.816938
4439,0.8649828,-0.4796211,0.0358691,0.02194032,301.9763,4.531876,0.3918
4440,0.8658042,-0.4781721,0.03567839,0.02148489,302.1703,4.53249,0.3384908
4441,0.8673903,-0.4754201,0.03348625,0.02209759,302.532,4.034584,0.7060741
4442,0.8684235,-0.473511,0.03350715,0.02247271,302.782,3.989266,0.7882404
4443,0.8697771,-0.4707429,0.03621795,0.02402201,303.1365,4.323635,0.8223906
4444,0.8723053,-0.4661526,0.03411869,0.0249208,303.7379,3.823005,1.228364
4445,0.8753365,-0.4605251,0.0330494,0.02470092,304.4775,3.628377,1.322421
4446,0.8761203,-0.4590345,0.03360674,0.02389954,304.6749,3.799509,1.133001
4447,0.8778877,-0.4556774,0.03465304,0.02168405,305.122,4.178443,0.6596538
4448,0.8970073,-0.4164832,0.03869185,0.02055596,310.1776,4.744124,0.4212736
4449,0.8990923,-0.4123367,0.03300751,0.02284473,310.7005,3.63477,1.242605
4450,0.9009733,-0.4082512,0.03357428,0.02122731,311.2261,3.832348,0.9614338
4451,0.9028215,-0.4038263,0.03642932,0.02259114,311.7784,4.174781,0.9977314
4452,0.9050222,-0.3988234,0.0372844,0.02200353,312.4136,4.332627,0.8744457
4453,0.9083714,-0.3911602,0.03711329,0.02185088,313.3816,4.288176,0.9076703
4454,0.9165176,-0.3712486,0.03992214,0.02399655,315.8647,4.514515,1.168609
4455,0.9188435,-0.3653558,0.04242545,0.02101324,316.6123,5.043518,0.6126404
4456,0.9215471,-0.3591672,0.03788204,0.0177404,317.4012,4.538011,0.4356668
4457,0.9224559,-0.357037,0.03425379,0.0206442,317.6554,3.835668,1.077989
4458,0.9254586,-0.3487574,0.03412958,0.02701026,318.6562,3.454352,2.039802
4459,0.9408951,-0.304841,0.0386457,0.01717231,324.0762,4.49914,0.6319606
4460,0.9476632,-0.2835805,0.03551683,0.01597028,326.6601,4.080503,0.7085999
4461,0.9487418,-0.2790074,0.0415448,0.01782768,327.1987,4.79675,0.7404459
4462,0.9494325,-0.2765973,0.04175709,0.0181134,327.4875,4.808261,0.7831259
4463,0.9502051,-0.2740245,0.04047168,0.01956415,327.7914,4.578541,1.036494
4464,0.9540757,-0.2602542,0.03989039,0.02039266,329.4427,4.451703,1.232305
4465,0.9579071,-0.246286,0.0371611,0.01938784,331.1225,4.119343,1.25793
4466,0.9610347,-0.2343389,0.03442602,0.01767489,332.558,3.81618,1.175187
4467,0.964195,-0.2200952,0.03885799,0.01939142,334.2383,4.314415,1.317242
4468,0.9673432,-0.2054243,0.03998435,0.02119097,335.9664,4.398989,1.573063
4469,0.9694287,-0.1956133,0.03898145,0.02058978,337.1298,4.288636,1.565591
4470,0.9708712,-0.1887739,0.03881201,0.01633728,337.9556,4.368793,1.07674
4471,0.9710411,-0.1879782,0.03916607,0.01446084,338.0575,4.456195,0.842088
4472,0.9721891,-0.1819087,0.0398195,0.01310746,338.778,4.561648,0.6898456
4473,0.9732491,-0.1764406,0.03842453,0.01335069,339.4211,4.380899,0.7761412
4474,0.9732836,-0.1765292,0.03651736,0.01492528,339.4055,4.114044,1.009368
4475,0.9745553,-0.1696197,0.03582972,0.01368239,340.2233,4.053887,0.9017636
4476,0.9746662,-0.1684154,0.03802853,0.01468437,340.3583,4.298786,0.9818322
4477,0.9747658,-0.1678888,0.03793545,0.01434304,340.4217,4.294361,0.9447533
4478,0.9754515,-0.1640127,0.03738992,0.01399984,340.8786,4.233404,0.9311674
4479,0.9754099,-0.1641062,0.0378369,0.01459294,340.8646,4.275439,0.9932731
4480,0.9759475,-0.1606454,0.03854114,0.01529305,341.2666,4.345091,1.078432
4481,0.9764706,-0.1574332,0.03831283,0.01587136,341.6408,4.305329,1.166327
4482,0.9773163,-0.1526263,0.03603988,0.01609614,342.2057,4.02711,1.256446
4483,0.9775868,-0.1507808,0.03682377,0.01526804,342.4243,4.136645,1.149795
4484,0.9775969,-0.1504624,0.03788705,0.01514957,342.4608,4.266458,1.117191
4485,0.9778135,-0.1488858,0.03807693,0.01623675,342.6403,4.269117,1.250613
4486,0.9778086,-0.1489599,0.03766437,0.01681124,342.6297,4.20912,1.326701
4487,0.9780842,-0.1471547,0.03729641,0.01748137,342.8386,4.153081,1.420953
4488,0.9784012,-0.1452792,0.03649003,0.01712906,343.0606,4.063192,1.400673
4489,0.9781309,-0.1469834,0.03680566,0.0173455,342.8599,4.096745,1.414234
4490,0.9768895,-0.1547817,0.03712151,0.01874413,341.9407,4.106722,1.545571
4491,0.974793,-0.1677736,0.03478038,0.02051309,340.4141,3.783441,1.757789
4492,0.9737402,-0.1738107,0.03473665,0.02032214,339.7057,3.779253,1.714568
4493,0.9728201,-0.1784383,0.03695591,0.02036927,339.1576,4.046761,1.654445
4494,0.9724922,-0.1800607,0.03772533,0.02034265,338.9656,4.140872,1.627609
4495,0.9720985,-0.1822037,0.03745284,0.02057851,338.7129,4.101872,1.654254
4496,0.9725696,-0.1797998,0.03742684,0.01947931,339.0004,4.123974,1.530178
4497,0.9727107,-0.1795876,0.03624761,0.01637829,339.0401,4.049977,1.17983
4498,0.9725815,-0.1805503,0.03564017,0.0147121,338.9344,4.013861,0.9866792
4499,0.9696146,-0.1961816,0.03276894,0.0169159,337.0868,3.614627,1.266175
4500,0.9642091,-0.2210945,0.02945733,0.02345727,334.1209,3.018722,2.093507
4501,0.9611992,-0.2330728,0.03482832,0.02367131,332.6848,3.682175,1.926438
4502,0.9592943,-0.2407377,0.03479431,0.02426768,331.7691,3.656959,1.978348
4503,0.9562256,-0.2527001,0.03434541,0.02440011,330.3401,3.591895,1.972094
4504,0.9523254,-0.2666025,0.0359427,0.0265958,328.6611,3.717986,2.156116
4505,0.9494603,-0.2763236,0.03832535,0.02648686,327.4866,4.034204,2.019084
4506,0.9455713,-0.2894346,0.03781825,0.0263072,325.9052,3.977386,1.967234
4507,0.9425048,-0.2990998,0.03869022,0.02696196,324.7292,4.0711,1.982507
4508,0.937605,-0.3141318,0.03823439,0.02749409,322.8984,3.992743,2.018919
4509,0.9330426,-0.3267928,0.04391526,0.02663244,321.3431,4.838008,1.572145
4510,0.9256378,-0.3471054,0.04472603,0.02668303,318.842,4.99763,1.424959
4511,0.9029482,-0.4025381,0.03575019,0.03700686,311.8857,3.04601,3.33378
4512,0.8967677,-0.4163317,0.03288551,0.03733734,310.1419,2.530287,3.592089
4513,0.890586,-0.429037,0.03607108,0.03850741,308.499,2.932193,3.537068
4514,0.8874426,-0.4354891,0.0368617,0.03789616,307.6677,3.103159,3.365444
4515,0.8834078,-0.4436748,0.0361045,0.03794444,306.6127,2.953959,3.433431
4516,0.880963,-0.448427,0.0354371,0.03951651,305.9941,2.68667,3.767393
4517,0.8782721,-0.4535692,0.03168559,0.04369109,305.3335,1.620043,4.858452
4518,0.8688245,-0.4713289,0.02773941,0.04715165,303.0297,0.4026054,5.994399
4519,0.8514671,-0.501941,0.02783133,0.04779459,298.9631,359.9294,6.467164
4520,0.8197678,-0.5519684,0.02275962,0.0528517,292.1962,356.7437,9.566318
4521,0.8163595,-0.5567981,0.01834238,0.0565353,291.6019,354.7505,11.49189
4522,0.8207412,-0.5505078,0.01876457,0.05452309,292.4551,355.5215,10.59716
4523,0.8251233,-0.5436453,0.02331466,0.05547632,293.3505,356.7762,9.812847
4524,0.8210221,-0.5497644,0.0228126,0.05622458,292.5151,356.2779,10.32192
4525,0.8180283,-0.5543925,0.02260958,0.05447229,291.8684,356.3234,10.10591
4526,0.8092262,-0.5670989,0.02258964,0.05514979,290.0997,355.5739,10.89174
4527,0.8032694,-0.5756486,0.02101175,0.05427025,288.9146,354.8121,11.43783
4528,0.800788,-0.5792019,0.01932667,0.05376062,288.4341,354.1987,11.86465
4529,0.7954153,-0.5865973,0.01903749,0.05343856,287.389,353.647,12.35696
4530,0.7878835,-0.5968822,0.01960709,0.05085758,285.8925,353.621,12.20508
4531,0.7832891,-0.602981,0.01938266,0.04996071,285.0121,353.2386,12.48872
4532,0.7781349,-0.609505,0.02073554,0.05079007,284.0553,352.8451,13.05627
4533,0.773814,-0.6148682,0.02163455,0.05177728,283.2714,352.2879,13.76423
4534,0.7709424,-0.6185989,0.01957246,0.05098982,282.7582,351.2545,14.55962
4535,0.7686695,-0.6216259,0.01721806,0.04931327,282.3429,350.4269,15.05259
4536,0.7691356,-0.6210428,0.01950775,0.04853392,282.3763,351.7127,13.89147
4537,0.7705928,-0.6191898,0.02206409,0.04799695,282.5984,353.1664,12.60543
4538,0.7651244,-0.6260923,0.02068338,0.04653309,281.5947,352.2336,13.29861
4539,0.7631759,-0.6284079,0.02280918,0.04632182,281.2154,352.9474,12.74064
4540,0.7622288,-0.6295503,0.02470217,0.0454235,281.0085,354.0079,11.76102
4541,0.7624128,-0.6293598,0.02525104,0.04466833,281.0229,354.5731,11.17892
4542,0.7587553,-0.6339993,0.02310967,0.04243841,280.3473,353.8876,11.50151
4543,0.7584053,-0.6344731,0.02268756,0.04183755,280.2781,353.8685,11.4362
4544,0.7598472,-0.6327087,0.02624267,0.04028736,280.4844,356.4315,9.039021
4545,0.7601123,-0.6324526,0.02607561,0.03940757,280.5207,356.7303,8.654253
4546,0.7617275,-0.6305321,0.02624317,0.03887887,280.8042,357.1767,8.179332
4547,0.7667556,-0.6244237,0.02675128,0.03827712,281.7085,358.0466,7.305881
4548,0.7783697,-0.6100473,0.02630313,0.03592989,283.8335,359.2931,5.839772
4549,0.7836698,-0.6032543,0.02612397,0.03554348,284.8287,359.5572,5.534595
4550,0.7898082,-0.5951688,0.02591135,0.03613154,286.0054,359.5592,5.570714
4551,0.7936504,-0.5900757,0.02731446,0.03439951,286.7323,0.5604205,4.54696
4552,0.7979401,-0.5842965,0.02731146,0.03380894,287.5637,0.7898999,4.273866
4553,0.7972023,-0.5853825,0.02704405,0.03262379,287.4106,0.962235,3.980095
4554,0.7989664,-0.5830175,0.02721253,0.0316609,287.7503,1.259285,3.619441
4555,0.7993109,-0.5825264,0.02807161,0.03125558,287.8177,1.616946,3.299859
4556,0.8006179,-0.5808349,0.02609072,0.03099697,288.0688,1.087554,3.645179
4557,0.8055347,-0.5740728,0.02504108,0.0304495,289.0381,0.9647598,3.64186
4558,0.8097441,-0.5680175,0.02654759,0.0310779,289.8888,1.321344,3.468706
4559,0.8145831,-0.5610584,0.02576594,0.03168238,290.8721,1.054492,3.728201
4560,0.8280066,-0.5412933,0.02181066,0.03050959,293.6461,0.4503484,3.926007
4561,0.8323689,-0.5345668,0.02361473,0.02902605,294.5672,1.164376,3.246373
4562,0.8342865,-0.5314346,0.02781113,0.02774129,294.9863,2.342508,2.31608
4563,0.8373086,-0.526647,0.02841996,0.02737506,295.6416,2.53519,2.149769
4564,0.8428196,-0.5176487,0.02877131,0.02944808,296.861,2.331152,2.569649
4565,0.8450946,-0.514034,0.02737341,0.02889291,297.3571,2.107651,2.633599
4566,0.8484459,-0.5087554,0.02377115,0.02724464,298.0858,1.566822,2.738529
4567,0.8511699,-0.5041394,0.02436796,0.02755462,298.7053,1.667846,2.720068
4568,0.8525977,-0.5016443,0.02475019,0.02859415,299.0374,1.628216,2.883277
4569,0.856108,-0.495577,0.02400639,0.03009924,299.8505,1.324041,3.260414
4570,0.8628573,-0.4836786,0.02213886,0.0322779,301.4403,0.7825065,3.845896
4571,0.8668478,-0.4765271,0.02284686,0.03121907,302.3849,1.075921,3.533483
4572,0.8719761,-0.4671029,0.02269812,0.03093965,303.6267,1.127655,3.45994
4573,0.8752648,-0.4609436,0.02214603,0.03084807,304.4361,1.067951,3.474376
4574,0.8777429,-0.4562707,0.02199387,0.03000866,305.0481,1.142959,3.321789
4575,0.8787549,-0.4541671,0.02552745,0.0295023,305.3107,1.827748,2.900486
4576,0.8805277,-0.450703,0.0267154,0.02870518,305.7596,2.118672,2.649145
4577,0.8851097,-0.4416375,0.02564094,0.02965632,306.9365,1.867874,2.905405
4578,0.8900237,-0.4314312,0.02619536,0.03222823,308.2457,1.777794,3.285181
4579,0.8950008,-0.4210454,0.02665035,0.0313685,309.5779,1.95394,3.094642
4580,0.8990409,-0.4127773,0.02449368,0.02720398,310.649,1.937463,2.576159
4581,0.9035247,-0.4028185,0.02493916,0.0275376,311.9121,2.003039,2.597713
4582,0.908851,-0.3907745,0.02233771,0.02803928,313.4407,1.589298,2.850357
4583,0.9115048,-0.3846815,0.02272907,0.02573298,314.2104,1.814495,2.46788
4584,0.9144953,-0.3773127,0.02509704,0.02652026,315.1265,2.136373,2.439974
4585,0.9158574,-0.373837,0.02720335,0.02666463,315.5555,2.448688,2.334795
4586,0.9182379,-0.367838,0.02778819,0.02760584,316.3004,2.485308,2.447345
4587,0.9210002,-0.3609992,0.02507572,0.0284487,317.1573,2.045654,2.73585
4588,0.9227673,-0.3565278,0.02477151,0.02783082,317.7149,2.045016,2.664131
4589,0.9254632,-0.3495283,0.02457036,0.02727679,318.584,2.059391,2.597875
4590,0.9300799,-0.3372459,0.02304559,0.02617856,320.1063,1.921515,2.527096
4591,0.9340854,-0.326104,0.02296489,0.02475895,321.4783,1.999706,2.337846
4592,0.9376118,-0.3158499,0.02311743,0.02425739,322.7336,2.059427,2.269522
4593,0.9387388,-0.3126695,0.02131269,0.02351507,323.1277,1.850011,2.253117
4594,0.9417075,-0.3034176,0.02342414,0.02399477,324.2485,2.129757,2.232201
4595,0.9408617,-0.3059347,0.02395691,0.02467747,323.9395,2.168808,2.298854
4596,0.9426386,-0.3003337,0.0246856,0.02495524,324.618,2.262965,2.311071
4597,0.9451872,-0.2920378,0.02562851,0.02604234,325.6193,2.35518,2.427785
4598,0.9490302,-0.2795222,0.02444169,0.02473327,327.1384,2.267188,2.317094
4599,0.9526377,-0.2670061,0.02382076,0.02492832,328.6467,2.196336,2.381444
4600,0.9556895,-0.2558459,0.02347104,0.02548064,329.9855,2.149234,2.478282
4601,0.9580446,-0.2470835,0.02346482,0.02344148,331.0387,2.230837,2.227074
4602,0.9591264,-0.2430843,0.0226624,0.0217466,331.5221,2.188792,2.042232
4603,0.9605424,-0.237473,0.02322879,0.02061404,332.1931,2.303065,1.888682
4604,0.9618452,-0.231569,0.02721616,0.0221055,332.8845,2.767549,1.965621
4605,0.9624453,-0.2287842,0.02837248,0.02348568,333.2094,2.874333,2.111069
4606,0.9645067,-0.2203446,0.02660775,0.02160805,334.2213,2.715222,1.945344
4607,0.9669998,-0.2091114,0.02678904,0.02158613,335.5528,2.748661,1.962002
4608,0.9698085,-0.1952318,0.02873668,0.02301891,337.1852,2.966566,2.120689
4609,0.9734443,-0.1761627,0.03001884,0.02171391,339.4332,3.173396,1.97979
4610,0.9776431,-0.1513762,0.03014834,0.01974868,342.3477,3.251647,1.809436
4611,0.9793339,-0.1403549,0.03026283,0.01702071,343.6461,3.322377,1.513857
4612,0.9803408,-0.1337426,0.02939361,0.01344878,344.4318,3.281222,1.123259
4613,0.9806212,-0.1323736,0.02717911,0.01098022,344.6019,3.05767,0.8695946
4614,0.9817052,-0.1244822,0.02586357,0.009485739,345.5285,2.924863,0.7357785
4615,0.9817846,-0.1233172,0.0280598,0.01022739,345.6604,3.174266,0.794269
4616,0.9816355,-0.1243909,0.02881587,0.009395388,345.5373,3.276469,0.6808934
4617,0.9814744,-0.1256194,0.02917536,0.008740458,345.396,3.329271,0.5937347
4618,0.9829798,-0.1124541,0.03166169,0.0101056,346.9239,3.602023,0.7650694
4619,0.9847634,-0.09429953,0.03479106,0.01174574,349.0268,3.951958,0.9869766
4620,0.9861481,-0.07945826,0.03337368,0.00918746,350.7618,3.815241,0.7592025
4621,0.9865007,-0.07542318,0.03292386,0.006588372,351.2404,3.78661,0.4751641
4622,0.9869343,-0.0682012,0.03532474,0.007829743,352.0718,4.056245,0.6278781
4623,0.9872765,-0.06340159,0.03476556,0.007519218,352.6299,3.993881,0.6153963
4624,0.9877398,-0.05735656,0.03222495,0.00645515,353.3362,3.706185,0.533033
4625,0.9879128,-0.05515555,0.03089957,0.005583114,353.5951,3.557892,0.4484652
4626,0.9881443,-0.0510016,0.03044149,0.006554451,354.0732,3.499107,0.5788893
4627,0.9881464,-0.05003098,0.03238367,0.003841126,354.1947,3.741102,0.2556829
4628,0.9879134,-0.05430859,0.03254155,0.004330143,353.6973,3.756984,0.2953421
4629,0.9877232,-0.05715061,0.03322435,0.00573267,353.3623,3.827407,0.4430408
4630,0.9883722,-0.04405911,0.03387348,0.005628905,354.879,3.904371,0.4779381
4631,0.9890434,-0.02664618,0.03203261,0.007547528,356.8886,3.689006,0.7742236
4632,0.9891843,-0.02060359,0.0318421,0.008714381,357.5837,3.667801,0.9321097
4633,0.9892653,-0.01932398,0.03036147,0.007679811,357.7368,3.499612,0.8204263
4634,0.9893762,-0.01839071,0.02804583,0.003098264,357.8618,3.241888,0.2983304
4635,0.989323,-0.01971056,0.02904639,0.002753943,357.7099,3.358393,0.2518379
4636,0.9892105,-0.02274754,0.03049248,0.003900769,357.354,3.522618,0.3704878
4637,0.9892507,-0.02193792,0.02985507,0.003199422,357.4503,3.450727,0.2937954
4638,0.9892633,-0.02248282,0.02907076,0.002705461,357.3892,3.361054,0.2367752
4639,0.989279,-0.02041644,0.03004124,0.002776766,357.6279,3.473541,0.2497041
4640,0.9893767,-0.01420873,0.03045868,0.002034551,358.3488,3.524007,0.1848452
4641,0.9894356,-0.01349103,0.02889756,2.067387E-05,358.4389,3.346411,359.9568
4642,0.9894035,-0.01640402,0.02845826,0.001255181,358.0977,3.293589,0.09067687
4643,0.989366,-0.01759634,0.02897638,0.002327219,357.956,3.351437,0.2097421
4644,0.989343,-0.01601589,0.03066125,0.001912427,358.14,3.54757,0.1639033
4645,0.9894279,-0.01442777,0.02870681,-0.0004281223,358.332,3.325201,359.902
4646,0.98953,-0.005696788,0.0281168,-0.002670142,359.3496,3.257023,359.6723
4647,0.9895219,-0.0063503,0.0283615,-0.00118275,359.2691,3.284512,359.8421
4648,0.9895058,-0.008740583,0.02827852,-0.001435384,358.9934,3.275668,359.805
4649,0.9894533,-0.01286159,0.0285768,-0.0004758745,358.5134,3.309917,359.9019
4650,0.9894486,-0.01290917,0.02870184,-0.0009727776,358.5096,3.325159,359.8441
4651,0.9894028,-0.0160801,0.02869174,-0.0003892779,358.1407,3.323723,359.901
4652,0.9893906,-0.01601393,0.02914636,0.0004410148,358.1455,3.374823,-0.003557921
4653,0.9893705,-0.01619755,0.02972473,0.0001788676,358.1252,3.442346,359.9644
4654,0.9893522,-0.01852742,0.02894033,0.001080507,357.8525,3.349885,0.06234566
4655,0.9894179,-0.01709308,0.02756584,-0.0001914471,358.0227,3.193105,359.9227
4656,0.9894281,-0.01704774,0.02722559,0.0002400339,358.0265,3.152819,359.9735
4657,0.989337,-0.02044652,0.02812781,0.001689625,357.6284,3.254416,0.1283231
4658,0.9892572,-0.02413965,0.02793843,0.002583253,357.1981,3.23003,0.2202186
4659,0.9891443,-0.02776355,0.02860575,0.002081302,356.7802,3.308867,0.1480934
4660,0.989057,-0.03173395,0.0274045,0.002852911,356.3183,3.166906,0.2287248
4661,0.9890814,-0.03068395,0.0277382,0.002642751,356.4404,3.206393,0.2065208
4662,0.9891205,-0.02692115,0.03013349,0.002769652,356.875,3.483785,0.2258118
4663,0.9891144,-0.02697045,0.03022015,0.003420639,356.867,3.491772,0.3007689
4664,0.9891615,-0.026176,0.02941581,0.002973282,356.9608,3.39999,0.2542218
4665,0.9891498,-0.02694771,0.02919476,0.002002341,356.8748,3.377375,0.139809
4666,0.9891247,-0.02776472,0.02924946,0.002428439,356.7788,3.38237,0.1862049
4667,0.9890119,-0.03185802,0.02883139,0.003033718,356.303,3.331722,0.2439421
4668,0.9889927,-0.03263148,0.02856249,0.003560516,356.2117,3.298494,0.3034303
4669,0.9889871,-0.03213024,0.02930741,0.0036008,356.2694,3.384789,0.3069494
4670,0.9889554,-0.03220904,0.03023283,0.003973618,356.2587,3.490715,0.3463813
4671,0.9889458,-0.03286407,0.02974,0.004620725,356.1808,3.430971,0.4209834
4672,0.9891133,-0.02653261,0.03069071,0.002981126,356.9191,3.547742,0.249934
4673,0.9892074,-0.02407054,0.02973458,0.002248236,357.2069,3.439165,0.1765694
4674,0.9892717,-0.02376333,0.02777659,0.002239475,357.2428,3.212253,0.1820825
4675,0.9892533,-0.02458484,0.02766969,0.002758866,357.1461,3.198347,0.2398839
4676,0.9892263,-0.024807,0.02833038,0.003607956,357.1174,3.272439,0.3355827
4677,0.9892523,-0.02407974,0.02814951,0.002749854,357.2045,3.254028,0.2391112
4678,0.9892832,-0.02250709,0.02834786,0.002889273,357.386,3.276787,0.2598892
4679,0.989287,-0.02152824,0.02894258,0.003154862,357.4982,3.345151,0.2923693
4680,0.9894633,-0.01270573,0.02797018,0.004294032,358.5157,3.232517,0.4554142
4681,0.9895109,-0.00811584,0.02813115,0.003287792,359.0501,3.253954,0.3537645
4682,0.9894676,-0.004205578,0.03039806,0.00348314,359.501,3.517643,0.3880637
4683,0.9895143,-0.001642019,0.02918191,0.002626228,359.8011,3.377939,0.2982656
4684,0.9895232,0.002257082,0.02894112,0.001058957,0.2575732,3.350859,0.1301664
4685,0.9893989,0.006330627,0.03220876,0.003493154,0.7192571,3.731768,0.428005
4686,0.989424,0.009979409,0.03058686,0.002145368,1.146957,3.544174,0.2839549
4687,0.9893563,0.01322502,0.03157223,0.001508379,1.524556,3.658565,0.2234008
4688,0.9893128,0.01867802,0.03018485,0.000374195,2.159873,3.497271,0.1092892
4689,0.9893276,0.01992031,0.02886348,-0.0008919179,2.30806,3.341518,359.964
4690,0.9892218,0.02289555,0.03026204,0.0006912291,2.64682,3.508188,0.1611434
4691,0.9891396,0.02721578,0.02933971,-0.001134872,3.15327,3.396957,359.9621
4692,0.9890774,0.0308827,0.02767645,-0.002426562,3.581862,3.200013,359.8189
4693,0.9890026,0.03287536,0.02808676,-0.002013793,3.81127,3.249254,359.8748
4694,0.9888396,0.03664522,0.02919497,-0.0009292394,4.244163,3.382929,0.01770351
4695,0.988635,0.0426586,0.02793831,-0.0006238878,4.939543,3.240347,0.06748689
4696,0.9884737,0.04536621,0.02930424,-0.001621094,5.256463,3.394709,359.968
4697,0.9884011,0.04597558,0.03077803,-0.001433715,5.326407,3.567127,-0.0002404953
4698,0.9882703,0.04872214,0.0307182,-0.002060232,5.646801,3.557554,359.9366
4699,0.9879423,0.05474883,0.03112187,-0.001982898,6.344775,3.606973,359.97
4700,0.9876083,0.06093458,0.03020701,-0.002031901,7.061843,3.5026,359.9804
4701,0.9872561,0.06646076,0.03003461,-0.002479988,7.704135,3.481472,359.9466
4702,0.9870186,0.06963239,0.0306343,-0.002649051,8.072602,3.551447,359.9431
4703,0.986903,0.07101744,0.03112167,-0.003213566,8.235344,3.604234,359.8864
4704,0.9871504,0.06798528,0.03002889,-0.00315749,7.883322,3.476027,359.873
4705,0.9874289,0.06457349,0.02835487,-0.003217155,7.487631,3.279306,359.8413
4706,0.9875433,0.06263518,0.0287411,-0.002979269,7.262151,3.325548,359.8654
4707,0.9874474,0.06368891,0.02973395,-0.002673334,7.383387,3.443856,359.912
4708,0.9869655,0.07028858,0.03078709,-0.003251326,8.150898,3.564579,359.8766
4709,0.9867612,0.07316249,0.03054901,-0.004020765,8.487011,3.531295,359.7952
4710,0.9864808,0.07630736,0.03195183,-0.003436118,8.849994,3.701577,359.8874
4711,0.9862296,0.07958283,0.03162418,-0.004177853,9.232848,3.657865,359.81
4712,0.9860789,0.0822145,0.02915162,-0.006265289,9.544972,3.349269,359.5516
4713,0.98593,0.0837113,0.02972168,-0.007138493,9.722049,3.407506,359.4602
4714,0.9857711,0.08513124,0.03104177,-0.006652939,9.885898,3.567081,359.5352
4715,0.985678,0.08646593,0.03001124,-0.007860911,10.04463,3.434146,359.388
4716,0.9855686,0.08791592,0.0289705,-0.009273848,10.21715,3.297382,359.2166
4717,0.9855779,0.08770215,0.02907422,-0.009951287,10.19467,3.302513,359.1377
4718,0.9856251,0.08708345,0.02944952,-0.009600165,10.12193,3.350306,359.1807
4719,0.9857438,0.08573016,0.02960235,-0.009110084,9.963202,3.373534,359.2351
4720,0.9857496,0.08549757,0.03011009,-0.009011221,9.936237,3.434052,359.2511
4721,0.9857231,0.08570272,0.03032613,-0.009222132,9.960968,3.457176,359.2293
4722,0.9857233,0.08586106,0.0297551,-0.009591257,9.980178,3.38649,359.1808
4723,0.9857993,0.08538429,0.02875241,-0.009079104,9.922265,3.274368,359.229
4724,0.9858321,0.08498947,0.02870113,-0.009379762,9.877364,3.26541,359.192
4725,0.9858412,0.08483776,0.02899691,-0.008870863,9.858285,3.305217,359.254
4726,0.9859504,0.08384064,0.02805701,-0.009244057,9.742976,3.191654,359.1977
4727,0.9859871,0.08352818,0.02780233,-0.008900591,9.705384,3.165335,359.2344
4728,0.9860571,0.08281909,0.02751515,-0.008665648,9.622073,3.134207,359.2568
4729,0.986156,0.08186352,0.02682171,-0.008661455,9.510576,3.053332,359.2476
4730,0.9861417,0.08191951,0.0269911,-0.00922305,9.518954,3.067675,359.1838
4731,0.9860153,0.08309123,0.0282312,-0.008512503,9.653711,3.219469,359.2827
4732,0.9860057,0.08327101,0.02803285,-0.008529609,9.674498,3.196049,359.2793
4733,0.9860216,0.0828563,0.02876764,-0.00827758,9.626039,3.284609,359.3147
4734,0.9861652,0.0811225,0.02892105,-0.007784077,9.423184,3.307566,359.3682
4735,0.9862357,0.08046788,0.02824422,-0.008126771,9.34787,3.225188,359.3195
4736,0.9861998,0.08061195,0.02925334,-0.007466459,9.363047,3.349522,359.4068
4737,0.9862313,0.0802175,0.0294063,-0.006938577,9.315543,3.372455,359.4687
4738,0.9862434,0.08041608,0.02839922,-0.007121053,9.338652,3.252921,359.4384
4739,0.9863167,0.0798636,0.02733699,-0.007320678,9.274535,3.126824,359.4032
4740,0.9863919,0.07894723,0.0271222,-0.007907891,9.169868,3.096305,359.3297
4741,0.9864659,0.07796561,0.02741727,-0.007374751,9.054432,3.135907,359.3917
4742,0.9865866,0.07586055,0.02896236,-0.007281876,8.810749,3.317535,359.4099
4743,0.9866546,0.07504444,0.02891179,-0.006703383,8.714071,3.316842,359.4742
4744,0.9866633,0.07470252,0.02968559,-0.005815053,8.671737,3.415092,359.5836
4745,0.9867748,0.07295957,0.03041875,-0.005188996,8.467596,3.505943,359.657
4746,0.9866996,0.07477115,0.02824464,-0.005932963,8.67947,3.245738,359.5573
4747,0.9866861,0.07456133,0.02932836,-0.005564713,8.654346,3.37556,359.6092
4748,0.986541,0.07633162,0.02942103,-0.006671444,8.863605,3.376613,359.4869
4749,0.9865327,0.07678021,0.02821401,-0.007860661,8.918923,3.224741,359.3385
4750,0.9865603,0.07670218,0.02733007,-0.008276391,8.910587,3.117677,359.2817
4751,0.9866858,0.07493233,0.02804403,-0.007036126,8.701681,3.212526,359.4273
4752,0.9871588,0.06931432,0.02608746,-0.005688778,8.044618,2.995967,359.5504
4753,0.987344,0.06665272,0.02581021,-0.006558895,7.738377,2.956907,359.4388
4754,0.9875786,0.06226717,0.02752825,-0.007317528,7.233223,3.152285,359.3502
4755,0.9876828,0.06066446,0.02761449,-0.006311664,7.044247,3.169956,359.4629
4756,0.9877467,0.05948056,0.02807495,-0.005498436,6.9046,3.22946,359.557
4757,0.9876961,0.06011903,0.02858101,-0.005016929,6.977234,3.29177,359.6187
4758,0.9872685,0.06632196,0.029341,-0.006419894,7.701503,3.369703,359.4818
4759,0.9866443,0.07520416,0.02867339,-0.007415223,8.734849,3.282647,359.3896
4760,0.9865443,0.07688826,0.0275063,-0.007866815,8.931007,3.14196,359.3317
4761,0.9865549,0.07631806,0.02894158,-0.006867334,8.86244,3.318818,359.4596
4762,0.9869149,0.07243916,0.02677348,-0.005877095,8.408032,3.074385,359.5436
4763,0.987303,0.06765705,0.02500116,-0.005485856,7.851287,2.870975,359.5603
4764,0.9874929,0.06493064,0.02483426,-0.004990101,7.533572,2.855489,359.609
4765,0.9875274,0.06398164,0.02597685,-0.004590267,7.422761,2.99167,359.6615
4766,0.9875551,0.06349557,0.02608191,-0.004772764,7.366989,3.002521,359.6395
4767,0.9876684,0.06110742,0.02761291,-0.003780585,7.087457,3.187944,359.7589
4768,0.987555,0.06273654,0.02802839,-0.003685456,7.27612,3.237319,359.7783
4769,0.9877065,0.06038881,0.02794423,-0.002855915,7.001208,3.232997,359.8665
4770,0.9878101,0.05878268,0.02776307,-0.002215087,6.812917,3.215927,359.9345
4771,0.9880215,0.05529522,0.02738835,-0.002343199,6.409094,3.170435,359.9058
4772,0.9880108,0.05554153,0.02722826,-0.00286839,6.439298,3.148443,359.8445
4773,0.9878511,0.05803877,0.02779891,-0.002964917,6.729132,3.21474,359.8451
4774,0.9878339,0.05849441,0.02737846,-0.003570926,6.78382,3.161725,359.7732
4775,0.9878134,0.0591275,0.02671394,-0.003821078,6.857833,3.082713,359.7415
4776,0.9878408,0.05870432,0.02663245,-0.003863072,6.808887,3.07289,359.7347
4777,0.9878481,0.0580728,0.02775222,-0.003643149,6.735269,3.204676,359.766
4778,0.9878777,0.05758403,0.02779632,-0.002998295,6.676532,3.214111,359.8397
4779,0.987886,0.05728583,0.028177,-0.00232459,6.639809,3.262896,359.9197
4780,0.9879218,0.05649318,0.02852414,-0.002311322,6.547924,3.303144,359.9209
4781,0.9879944,0.05568596,0.02757527,-0.002385089,6.454529,3.192014,359.9034
4782,0.988014,0.05557349,0.02708648,-0.002459252,6.441682,3.134629,359.8912
4783,0.9880472,0.05518397,0.02663137,-0.002817488,6.397604,3.079258,359.8454
4784,0.98806,0.05519335,0.02610006,-0.003101414,6.399475,3.015604,359.8089
4785,0.9880894,0.05466827,0.02605483,-0.003430277,6.339612,3.00815,359.7688
4786,0.988117,0.05363463,0.02715341,-0.003267285,6.219564,3.136854,359.7916
4787,0.9881546,0.05308022,0.02684003,-0.003529975,6.156075,3.098694,359.7573
4788,0.9881901,0.05227533,0.02710146,-0.003604492,6.063107,3.128567,359.7477
4789,0.9881749,0.05233631,0.02754072,-0.003542137,6.070085,3.180037,359.7579
4790,0.9881421,0.05257691,0.02831019,-0.003036347,6.096476,3.272673,359.8222
4791,0.9882597,0.0505399,0.02798904,-0.002270266,5.857887,3.239557,359.9026
4792,0.9882923,0.05005668,0.02771625,-0.002084744,5.801273,3.208824,359.9209
4793,0.9883354,0.04917185,0.02774012,-0.002352399,5.699633,3.209836,359.8871
4794,0.988439,0.04786185,0.02617496,-0.003512576,5.551225,3.021163,359.7393
4795,0.9884451,0.04788711,0.02575172,-0.004457712,5.556878,2.966659,359.6272
4796,0.9883048,0.05017405,0.02689902,-0.00353688,5.819371,3.105287,359.7478
4797,0.9882604,0.05095669,0.02710138,-0.003201258,5.909039,3.130877,359.7904
4798,0.9882792,0.05066997,0.02696999,-0.003044796,5.875297,3.116503,359.8069
4799,0.9882972,0.04977972,0.02801224,-0.002426499,5.770329,3.241162,359.882
4800,0.9883153,0.0492617,0.02825565,-0.002731267,5.711352,3.267584,359.8463
4801,0.9883841,0.04728268,0.02929239,-0.001720187,5.478789,3.393345,359.963
4802,0.988459,0.04501403,0.03036364,-0.0006520718,5.212254,3.522795,0.08480274
4803,0.9885423,0.04314195,0.03036985,-0.0003915936,4.994511,3.524084,0.1083506
4804,0.9886385,0.04164587,0.02930332,-0.0008727044,4.823017,3.397275,0.04195969
4805,0.9885626,0.04331537,0.02941164,-0.001601088,5.018867,3.406725,359.9637
4806,0.9885318,0.04440497,0.0287555,-0.002474898,5.14798,3.326252,359.8627
4807,0.9884325,0.04633525,0.02906542,-0.003038746,5.373519,3.359527,359.8054
4808,0.9883362,0.04749208,0.0305279,-0.001998293,5.504079,3.535434,359.9383
4809,0.9882529,0.04973895,0.0295434,-0.003071374,5.768011,3.415375,359.816
4810,0.988268,0.04909566,0.02998967,-0.004080826,5.697107,3.461321,359.6991
4811,0.9882087,0.04891006,0.03228161,-0.003050241,5.672401,3.733653,359.8313
4812,0.9883514,0.04614425,0.03205247,-0.002165645,5.348685,3.711301,359.9223
4813,0.9883799,0.04553037,0.03194587,-0.003399068,5.282187,3.692157,359.7763
4814,0.9883109,0.04604972,0.03329728,-0.0034565,5.34286,3.848939,359.7789
4815,0.9882905,0.04635756,0.03352705,-0.002932039,5.376506,3.878538,359.8422
4816,0.9883292,0.04617437,0.03259729,-0.003256583,5.356377,3.768702,359.7988
4817,0.9883671,0.04573158,0.03204688,-0.003442982,5.305678,3.703681,359.7725
4818,0.9883603,0.04571806,0.03223493,-0.003783861,5.305439,3.723698,359.7339
4819,0.9884478,0.04395711,0.03193372,-0.004351026,5.103528,3.685659,359.6599
4820,0.9884571,0.04412344,0.03130174,-0.005050579,5.125127,3.608616,359.576
4821,0.988394,0.04440716,0.03285368,-0.005091593,5.1588,3.788659,359.5804
4822,0.9883974,0.04418951,0.03295377,-0.005653041,5.135793,3.797385,359.515
4823,0.9884076,0.04379919,0.03325285,-0.005127287,5.0887,3.834894,359.576
4824,0.988454,0.04254547,0.03354963,-0.004794398,4.942345,3.871144,359.6113
4825,0.9884187,0.04306123,0.0338845,-0.005104339,5.003424,3.908444,359.5791
4826,0.9884875,0.04173216,0.03354942,-0.005024168,4.849066,3.870043,359.5815
4827,0.9885316,0.04097534,0.0332798,-0.004288295,4.758462,3.842352,359.6626
4828,0.9886718,0.03817955,0.03252728,-0.003507694,4.431526,3.758599,359.7389
4829,0.9887257,0.03681879,0.03237808,-0.004168632,4.276441,3.738396,359.6565
4830,0.9887356,0.03601075,0.03303747,-0.003681201,4.181243,3.817037,359.7127
4831,0.9887529,0.03403272,0.034687,-0.002471539,3.947842,4.0133,359.8519
4832,0.988786,0.033215,0.03453684,-0.002468306,3.853154,3.995789,359.8484
4833,0.9888145,0.03325324,0.03365665,-0.002685246,3.858298,3.892827,359.82
4834,0.9888135,0.03361358,0.03326098,-0.003409624,3.902753,3.844095,359.7359
4835,0.9889382,0.03250842,0.03048901,-0.003843671,3.775602,3.520891,359.6707
4836,0.9889374,0.03214309,0.030941,-0.003471291,3.732116,3.574761,359.7143
4837,0.9889153,0.03288935,0.03089294,-0.003177559,3.817432,3.570282,359.7508
4838,0.988956,0.03209749,0.03036743,-0.003679657,3.72741,3.507448,359.6878
4839,0.9889057,0.03184018,0.03227043,-0.003165293,3.696281,3.730129,359.7536
4840,0.9889587,0.02945989,0.03298928,-0.002065781,3.416709,3.81734,359.8745
4841,0.9890651,0.02600383,0.0326857,-0.002363017,3.017809,3.78095,359.8259
4842,0.9891099,0.0236445,0.03311854,-0.002314243,2.74466,3.831233,359.8237
4843,0.9890152,0.02420097,0.0354797,-0.002043584,2.808341,4.105732,359.8639
4844,0.9890059,0.0247936,0.03532562,-0.002111426,2.877178,4.087713,359.8581
4845,0.9890675,0.02418052,0.03398342,-0.002390054,2.807142,3.931285,359.8195
4846,0.9891204,0.02413813,0.03235004,-0.00341002,2.805789,3.739048,359.6965
4847,0.9891216,0.024331,0.03215431,-0.003489399,2.828347,3.716111,359.6875
4848,0.9891603,0.02376773,0.031339,-0.003847593,2.764211,3.620679,359.6417
4849,0.9892064,0.02386073,0.02972481,-0.004200071,2.775609,3.432571,359.5966
4850,0.9892253,0.02270024,0.03006486,-0.00374921,2.639858,3.47347,359.6458
4851,0.9891819,0.02322297,0.03111474,-0.003437015,2.699593,3.595907,359.6866
4852,0.9891888,0.02359366,0.03053833,-0.004014903,2.744371,3.527442,359.6194
4853,0.9892226,0.0218983,0.03070631,-0.004015049,2.548232,3.547288,359.6138
4854,0.9892492,0.02066722,0.03077165,-0.003457293,2.403785,3.556507,359.6742
4855,0.989264,0.01962267,0.03101097,-0.003144243,2.281853,3.585154,359.7072
4856,0.9893094,0.01843187,0.03035158,-0.002392411,2.141191,3.510564,359.7885
4857,0.9892712,0.01896098,0.03125393,-0.002456686,2.202845,3.614939,359.7849
4858,0.9892625,0.01895746,0.03151132,-0.00266937,2.203276,3.644293,359.7609
4859,0.9892883,0.01868972,0.03085468,-0.002690482,2.17221,3.568185,359.756
4860,0.9893085,0.01857824,0.03026901,-0.002677923,2.15912,3.500362,359.7558
4861,0.9893247,0.01810105,0.03000853,-0.002893966,2.104592,3.469778,359.7285
4862,0.9893304,0.01831142,0.0297362,-0.002414942,2.127197,3.439223,359.7841
4863,0.9893101,0.01834653,0.03038275,-0.002383712,2.13129,3.514201,359.7893
4864,0.9893547,0.01627328,0.03011993,-0.002245712,1.890834,3.484207,359.7974
4865,0.9894047,0.0151058,0.02906588,-0.002271643,1.755604,3.362162,359.7884
4866,0.9894,0.01420896,0.0296674,-0.002352336,1.652234,3.431812,359.7771
4867,0.9894085,0.01300856,0.02997348,-0.001749164,1.511288,3.468346,359.8432
4868,0.9894394,0.01232131,0.02922104,-0.001930305,1.432263,3.380975,359.8187
4869,0.9894421,0.01129213,0.02958854,-0.00106096,1.310235,3.424799,359.9163
4870,0.9894333,0.01073247,0.03010333,-0.0005732775,1.243805,3.485042,359.9714
4871,0.9894479,0.009484967,0.03004295,-0.0003786594,1.098773,3.478214,359.9895
4872,0.9894668,0.007980176,0.02985586,0.0006505698,0.9210632,3.457431,0.1031425
4873,0.9894599,0.006301484,0.03046832,0.0009573191,0.7256762,3.528333,0.1332205
4874,0.9894702,0.004788703,0.03040857,0.0009499967,0.5506784,3.52115,0.1269467
4875,0.9895003,0.003146684,0.02962242,0.00127427,0.3596677,3.429971,0.1583388
4876,0.9895344,0.0008605838,0.0286166,0.001386213,0.09493665,3.313115,0.1632739
4877,0.9895612,-0.0002409518,0.02769039,0.001319999,359.9678,3.205678,0.1519565
4878,0.989567,-0.0008886009,0.02748507,0.0008866399,359.8943,3.181852,0.09973773
4879,0.9895524,0.0004008144,0.02802709,0.0005472213,0.04458428,3.244734,0.06463176
4880,0.9895635,0.0005753636,0.02763473,0.0001538336,0.06607815,3.199284,0.01965927
4881,0.9895519,0.0007858157,0.02804015,5.841255E-07,0.09092367,3.246224,0.002644077
4882,0.9895333,0.000605154,0.0286849,-0.0005344331,0.07181273,3.320848,359.9402
4883,0.9895352,0.0001679152,0.02861852,-0.0009637862,0.02265407,3.313177,359.889
4884,0.9895409,-0.000178346,0.0284273,-0.0007086485,359.9817,3.291068,359.9174
4885,0.9895312,-0.0006651938,0.02876635,-0.0001841247,359.9236,3.330333,359.9765
4886,0.9894964,-0.001350039,0.02991302,0.0003561914,359.8426,3.463062,0.03649011
4887,0.989489,-0.002461547,0.03008785,-0.0001873791,359.7159,3.48344,359.9697
4888,0.9895027,-0.003233656,0.02955984,9.410679E-05,359.6255,3.422226,-0.0002885225
4889,0.9895066,-0.003769237,0.02936332,0.0003272772,359.5627,3.399378,0.02492622
4890,0.9894932,-0.005363169,0.02957119,0.0001574844,359.3789,3.423572,-0.0003233941
4891,0.9894873,-0.007007378,0.02941852,0.0004272878,359.1877,3.405747,0.02533537
4892,0.9895002,-0.007345065,0.02889381,0.000347951,359.149,3.345055,0.01544476
4893,0.9895229,-0.008070174,0.02791039,0.0001037031,359.0659,3.23142,359.9857
4894,0.9895461,-0.007811928,0.02715504,-0.0001366019,359.0965,3.144143,359.9594
4895,0.9895526,-0.00688757,0.02716054,-0.0003464073,359.2041,3.144869,359.938
4896,0.9895315,-0.008103239,0.02759989,0.0001880884,359.0618,3.195381,-0.004388873
4897,0.9894987,-0.0112939,0.0276477,0.0005267978,358.6915,3.200705,0.02444657
4898,0.9894658,-0.01252657,0.02829012,5.787015E-05,358.5504,3.27587,359.9652
4899,0.9894565,-0.01154674,0.02902561,-0.0001588404,358.6645,3.36124,359.9424
4900,0.9894507,-0.01116842,0.02936716,0.0002844483,358.7068,3.400171,-0.005442986
4901,0.9894503,-0.01090093,0.02947026,0.0006613344,358.7364,3.411611,0.03895942
4902,0.9894793,-0.009361988,0.02902511,0.0005531668,358.9149,3.360128,0.03223342
4903,0.9894755,-0.009979472,0.02894017,0.0009140521,358.8422,3.34989,0.07199983
4904,0.9894699,-0.01117941,0.02868307,0.001208472,358.7024,3.319727,0.1023504
4905,0.9894387,-0.01340919,0.02877448,0.001772988,358.4425,3.329394,0.160069
4906,0.9894466,-0.01491164,0.02776011,0.001490605,358.2697,3.212286,0.1241109
4907,0.9894689,-0.01472547,0.02707384,0.001187527,358.2923,3.133318,0.09081867
4908,0.9894697,-0.0142807,0.02727991,0.001184273,358.3437,3.157194,0.09150406
4909,0.9894404,-0.01449389,0.02820788,0.001366332,358.3184,3.264378,0.1103201
4910,0.989443,-0.01507772,0.02780367,0.001396874,358.2508,3.217493,0.1126459
4911,0.9894727,-0.01620097,0.02609673,0.0003268599,358.1242,3.021771,359.9884
4912,0.9894747,-0.01708461,0.02544926,0.0005036622,358.0214,2.946514,0.007437728
4913,0.989462,-0.0171707,0.02586366,0.001047838,358.0098,2.993435,0.06934617
4914,0.9894382,-0.0182627,0.02601824,0.001170442,357.8831,3.011126,0.07990806
4915,0.9894234,-0.01849467,0.02643397,0.0006453752,357.8578,3.060435,0.01751222
4916,0.9893836,-0.01890516,0.02757427,0.001521501,357.8074,3.190654,0.1151497
4917,0.9893849,-0.01868378,0.02766928,0.001642457,357.8327,3.201396,0.129658
4918,0.9893694,-0.01921354,0.02787092,0.001458916,357.7719,3.22517,0.1062422
4919,0.9893593,-0.01965639,0.02793822,0.001113322,357.7218,3.233772,0.06463294
4920,0.9893198,-0.02001187,0.02905762,0.001226226,357.6802,3.36324,0.07391743
4921,0.9892839,-0.02086217,0.02969452,0.0005674362,357.584,3.438712,359.9932
4922,0.9893274,-0.01994094,0.02886156,0.0007110685,357.6902,3.341719,0.01497373
4923,0.9893515,-0.0185856,0.02895197,0.0003195375,357.8483,3.352891,359.974
4924,0.9893953,-0.01727268,0.02825636,3.679991E-05,358.0012,3.272679,359.9471
4925,0.9894317,-0.01237067,0.02950885,-0.0009477228,358.5719,3.41847,359.8476
4926,0.9894881,-0.006531462,0.0293929,-0.002594998,359.2532,3.405063,359.6773
4927,0.9895698,-0.003232029,0.02701234,-0.003347227,359.6366,3.128497,359.6025
4928,0.9895476,-0.004830071,0.02776712,-0.001018652,359.4444,3.215291,359.8665
4929,0.9895609,-0.0086611,0.02633592,0.0005690008,358.996,3.048648,0.03917329
4930,0.9895622,-0.01090158,0.02540424,0.00144884,358.7342,2.939677,0.1352946
4931,0.9894942,-0.01351831,0.02663387,0.003000006,358.4264,3.079486,0.3051223
4932,0.9894455,-0.01558443,0.02725838,0.003394228,358.1858,3.150668,0.3432002
4933,0.9894297,-0.01611481,0.02752078,0.00342477,358.1243,3.180878,0.344555
4934,0.9894604,-0.01115738,0.02889686,0.00292601,358.6991,3.34224,0.3009119
4935,0.9895285,-0.007489115,0.02781873,0.001857603,359.1274,3.219226,0.1905968
4936,0.9895568,-0.00672704,0.02701605,0.001443583,359.217,3.12671,0.1457987
4937,0.9895347,-0.006655651,0.02785031,0.0009710252,359.2267,3.2237,0.0906878
4938,0.989549,-0.008763364,0.02673522,0.0009574443,358.983,3.094493,0.08340165
4939,0.9895469,-0.009688765,0.02649335,0.0009112358,358.876,3.066511,0.07543719
4940,0.9895512,-0.01016335,0.02615889,0.000703308,358.8218,3.028018,0.05030202
4941,0.989542,-0.009275871,0.02682154,0.0009894251,358.9236,3.104442,0.08540741
4942,0.989532,-0.007553619,0.02771459,0.001052928,359.1226,3.20787,0.09736291
4943,0.989542,-0.007816997,0.02728868,0.0009478062,359.0925,3.158628,0.08473575
4944,0.989552,-0.007773,0.02694379,0.0006565988,359.0985,3.118954,0.05149126
4945,0.9895347,-0.009216311,0.02710876,0.001061127,358.9302,3.137631,0.09358139
4946,0.9895232,-0.01034874,0.02707797,0.001794434,358.7968,3.133142,0.1748975
4947,0.9895114,-0.01034977,0.027501,0.001886287,358.7963,3.182024,0.18501
4948,0.9895073,-0.01034532,0.02763331,0.002129346,358.7961,3.197053,0.2129924
4949,0.9895059,-0.01004942,0.02777884,0.002244544,358.8299,3.213816,0.2271063
4950,0.9895141,-0.00900709,0.02785987,0.002134478,358.9508,3.223492,0.2176627
4951,0.9895335,-0.003335377,0.0284911,0.0006267041,359.612,3.298253,0.06140334
4952,0.9895601,0.002469912,0.02764437,-0.0002150208,0.2864885,3.200357,359.9831
4953,0.9895836,0.004223353,0.02657487,-0.0004297495,0.4900348,3.076415,359.9634
4954,0.9895867,0.002786446,0.02665198,-6.216764E-06,0.3224478,3.085506,0.007964504
4955,0.9896192,-0.0003893614,0.02555474,0.0006918132,359.9529,2.958385,0.0788907
4956,0.9896111,-0.0004713684,0.02586775,0.0006742268,359.9434,2.994624,0.07659274
4957,0.9895844,-3.454685E-05,0.02687862,-0.0001050174,-0.003667434,3.111717,359.9877
4958,0.9895808,0.0002758324,0.02701209,0.0001780331,0.03135476,3.127178,0.02147177
4959,0.9895962,4.172325E-08,0.02643919,0.0001477838,-0.0004520513,3.060832,0.01710073
4960,0.9895793,0.0003423393,0.02704334,0.001048547,0.03629696,3.130831,0.1224118
4961,0.9896001,-0.001885411,0.02617166,0.001745722,359.7765,3.02948,0.1962367
4962,0.9896037,0.001950791,0.02607816,0.0006122261,0.2238687,3.019182,0.07679268
4963,0.989624,0.001878214,0.02527219,0.001368189,0.2132985,2.926012,0.1638742
4964,0.9895761,0.002684077,0.02702119,0.001282761,0.3065266,3.128659,0.1569129
4965,0.9895755,0.003813484,0.02693365,0.0005164295,0.4396409,3.118387,0.07176886
4966,0.9895765,0.005928227,0.02650795,-0.000412789,0.6872593,3.068673,359.9706
4967,0.9895589,0.009860205,0.025929,-0.001903331,1.146764,3.000003,359.8096
4968,0.9895648,0.01174918,0.02488813,-0.00193938,1.365271,2.87917,359.8097
4969,0.9895918,0.01145777,0.02394568,-0.001794955,1.33096,2.770252,359.8243
4970,0.9896066,0.008121806,0.02473692,-0.0008586228,0.9423398,2.863193,359.9241
4971,0.9896282,0.006134027,0.024454,-0.0004089296,0.7110013,2.83083,359.9702
4972,0.9896038,0.00642463,0.02531216,-0.001542968,0.7480111,2.929351,359.8405
4973,0.9896144,0.005723741,0.02504655,-0.001817361,0.6676646,2.898497,359.8065
4974,0.9895959,0.006456005,0.02562776,-0.001198667,0.7506612,2.966155,359.8806
4975,0.9895909,0.005722114,0.02600427,-0.000833401,0.6646723,3.010062,359.921
4976,0.9896121,0.005490613,0.0252376,-0.0008852839,0.6379747,2.92126,359.9138
4977,0.989625,0.003121963,0.02514848,-0.0002612919,0.3620351,2.911323,359.9789
4978,0.9896424,0.002124235,0.02455989,0.0002465635,0.2451072,2.843302,0.03463278
4979,0.989657,0.003432843,0.0238037,-0.0007400662,0.3993143,2.755414,359.9239
4980,0.9896585,0.005590144,0.02323096,-0.002214733,0.652927,2.688022,359.7589
4981,0.9896608,0.006546253,0.02288854,-0.002154255,0.7633285,2.648218,359.7682
4982,0.9896728,0.004994961,0.02283973,-0.001112279,0.5810103,2.643496,359.8846
4983,0.9897117,0.002989992,0.02145042,-0.001210788,0.3490624,2.482797,359.8674
4984,0.989756,-0.001345971,0.01951789,7.216036E-05,359.8441,2.259434,0.005279493
4985,0.9897523,-0.004386574,0.01924209,0.0009438634,359.4902,2.227089,0.09936938
4986,0.9897021,-0.01600863,0.01478163,0.003837663,358.1404,1.704585,0.4166711
4987,0.987818,-0.06107954,0.02113683,0.006162024,352.9117,2.416597,0.5651172
4988,0.9833038,-0.1126133,0.02002019,0.005559081,346.9258,2.288596,0.3855447
4989,0.9839991,-0.1060983,0.02125992,0.00607695,347.6826,2.427341,0.4457208
4990,0.9834578,-0.1107335,0.02226228,0.007282001,347.1394,2.530051,0.5632853
4991,0.982757,-0.1163117,0.02392303,0.009359651,346.4829,2.697483,0.7715884
4992,0.98123,-0.1282518,0.02368871,0.01333811,345.08,2.606658,1.216196
4993,0.9717757,-0.1864881,0.02499661,0.01578414,338.2442,2.688591,1.344341
4994,0.9580984,-0.246535,0.02730486,0.02285333,331.0973,2.742726,2.025851
4995,0.9543985,-0.2603415,0.02686781,0.02497877,329.4393,2.599914,2.288027
4996,0.9504323,-0.274452,0.02758203,0.02436375,327.7432,2.701164,2.155608
4997,0.9492554,-0.2786166,0.02664977,0.02401291,327.2443,2.587993,2.137438
4998,0.9346188,-0.3237641,0.02865353,0.02903834,321.7393,2.588852,2.66104
4999,0.9369859,-0.3170179,0.02822999,0.02756878,322.5698,2.608888,2.486674
5000,0.9237248,-0.3529698,0.02945958,0.0357327,318.1217,2.293467,3.552882
